model,seed,feature,perturbation,original_pooled_mae,original_patient_mae,original_rmse,original_bis_below_40_mae,original_bis_40_to_60_mae,original_bis_above_60_mae,perturbed_pooled_mae,perturbed_patient_mae,perturbed_rmse,perturbed_bis_below_40_mae,perturbed_bis_40_to_60_mae,perturbed_bis_above_60_mae,delta_pooled_mae,delta_patient_mae,delta_rmse,delta_bis_below_40_mae,delta_bis_40_to_60_mae,delta_bis_above_60_mae,contribution_rank
gru,7,bis,feature_unavailable_value_zero_mask_zero_all_six_steps,3.1932606959597636,3.381091356277466,4.434598359224447,3.100215435028076,3.0627706050872803,4.6137776374816895,7.523118550067413,8.646726608276367,9.997899178493292,9.940028190612793,4.241095542907715,21.678447723388672,4.329857854107649,5.265635251998901,5.563300819268845,6.839812755584717,1.1783249378204346,17.064670085906982,1.0
gru,7,bis_sqi,feature_unavailable_value_zero_mask_zero_all_six_steps,3.1932606959597636,3.381091356277466,4.434598359224447,3.100215435028076,3.0627706050872803,4.6137776374816895,3.2525487235488293,3.4317495822906494,4.491266998436506,3.0218796730041504,3.2007150650024414,4.695247650146484,0.059288027589065706,0.050658226013183594,0.056668639212059446,-0.07833576202392578,0.13794445991516113,0.08147001266479492,11.0
gru,7,hr,feature_unavailable_value_zero_mask_zero_all_six_steps,3.1932606959597636,3.381091356277466,4.434598359224447,3.100215435028076,3.0627706050872803,4.6137776374816895,3.5105972320264685,3.6979548931121826,4.712538517887382,3.1151680946350098,3.5531704425811768,4.978011131286621,0.31733653606670487,0.3168635368347168,0.2779401586629353,0.014952659606933594,0.4903998374938965,0.36423349380493164,4.0
gru,7,mbp,feature_unavailable_value_zero_mask_zero_all_six_steps,3.1932606959597636,3.381091356277466,4.434598359224447,3.100215435028076,3.0627706050872803,4.6137776374816895,3.3292722199945217,3.530963897705078,4.5662859872054415,3.150500535964966,3.2623705863952637,4.651932716369629,0.13601152403475814,0.1498725414276123,0.13168762798099465,0.05028510093688965,0.1995999813079834,0.03815507888793945,7.0
gru,7,sbp,feature_unavailable_value_zero_mask_zero_all_six_steps,3.1932606959597636,3.381091356277466,4.434598359224447,3.100215435028076,3.0627706050872803,4.6137776374816895,3.2101814413535257,3.394972801208496,4.454217538914419,3.101119041442871,3.1165130138397217,4.421557426452637,0.016920745393762093,0.013881444931030273,0.019619179689971844,0.0009036064147949219,0.053742408752441406,-0.19222021102905273,15.0
gru,7,dbp,feature_unavailable_value_zero_mask_zero_all_six_steps,3.1932606959597636,3.381091356277466,4.434598359224447,3.100215435028076,3.0627706050872803,4.6137776374816895,3.2586649722204424,3.427347421646118,4.485935888849774,3.3577628135681152,3.0610032081604004,4.321874618530273,0.0654042762606788,0.046256065368652344,0.051337529625326894,0.25754737854003906,-0.0017673969268798828,-0.291903018951416,12.0
gru,7,spo2,feature_unavailable_value_zero_mask_zero_all_six_steps,3.1932606959597636,3.381091356277466,4.434598359224447,3.100215435028076,3.0627706050872803,4.6137776374816895,3.245636707489053,3.441004753112793,4.489241570511553,3.0063607692718506,3.1722755432128906,4.8921051025390625,0.05237601152928928,0.05991339683532715,0.054643211287106475,-0.09385466575622559,0.10950493812561035,0.27832746505737305,10.0
gru,7,etco2,feature_unavailable_value_zero_mask_zero_all_six_steps,3.1932606959597636,3.381091356277466,4.434598359224447,3.100215435028076,3.0627706050872803,4.6137776374816895,3.2074037215591864,3.3899006843566895,4.449995702621777,3.1732490062713623,3.0666935443878174,4.439070701599121,0.01414302559942282,0.008809328079223633,0.015397343397330232,0.07303357124328613,0.003922939300537109,-0.17470693588256836,16.0
gru,7,ppf_rate,feature_unavailable_value_zero_mask_zero_all_six_steps,3.1932606959597636,3.381091356277466,4.434598359224447,3.100215435028076,3.0627706050872803,4.6137776374816895,3.2998393195687723,3.475957155227661,4.536853759311769,3.0480473041534424,3.245979070663452,4.8538384437561035,0.10657862360900872,0.09486579895019531,0.10225540008732192,-0.05216813087463379,0.18320846557617188,0.24006080627441406,9.0
gru,7,ppf_volume,feature_unavailable_value_zero_mask_zero_all_six_steps,3.1932606959597636,3.381091356277466,4.434598359224447,3.100215435028076,3.0627706050872803,4.6137776374816895,3.3996684080223085,3.6277575492858887,4.64364427948117,3.1601905822753906,3.376131057739258,4.665777683258057,0.20640771206254493,0.24666619300842285,0.20904592025672297,0.05997514724731445,0.31336045265197754,0.05200004577636719,5.0
gru,7,ppf_cp,feature_unavailable_value_zero_mask_zero_all_six_steps,3.1932606959597636,3.381091356277466,4.434598359224447,3.100215435028076,3.0627706050872803,4.6137776374816895,3.217714626053883,3.4212911128997803,4.470972140303618,3.1500680446624756,3.096240758895874,4.454056739807129,0.024453930094119336,0.04019975662231445,0.03637378107917133,0.049852609634399414,0.03347015380859375,-0.15972089767456055,13.0
gru,7,ppf_ce,feature_unavailable_value_zero_mask_zero_all_six_steps,3.1932606959597636,3.381091356277466,4.434598359224447,3.100215435028076,3.0627706050872803,4.6137776374816895,3.5454364731384844,3.722168207168579,4.769592270944561,3.254469871520996,3.568448543548584,4.688820838928223,0.35217577717872084,0.3410768508911133,0.3349939117201144,0.15425443649291992,0.5056779384613037,0.0750432014465332,3.0
gru,7,rftn_rate,feature_unavailable_value_zero_mask_zero_all_six_steps,3.1932606959597636,3.381091356277466,4.434598359224447,3.100215435028076,3.0627706050872803,4.6137776374816895,3.1954147065941023,3.38249135017395,4.434692558273664,3.0767903327941895,3.075544595718384,4.650660514831543,0.002154010634338732,0.001399993896484375,9.419904921692535e-05,-0.02342510223388672,0.012773990631103516,0.036882877349853516,17.0
gru,7,rftn_volume,feature_unavailable_value_zero_mask_zero_all_six_steps,3.1932606959597636,3.381091356277466,4.434598359224447,3.100215435028076,3.0627706050872803,4.6137776374816895,3.2346692765342584,3.420898914337158,4.485537695268775,3.205970525741577,3.116950750350952,4.265649795532227,0.04140858057449481,0.03980755805969238,0.05093933604432799,0.10575509071350098,0.054180145263671875,-0.3481278419494629,14.0
gru,7,rftn_cp,feature_unavailable_value_zero_mask_zero_all_six_steps,3.1932606959597636,3.381091356277466,4.434598359224447,3.100215435028076,3.0627706050872803,4.6137776374816895,3.294723945767237,3.5178987979888916,4.5316752700264225,3.0323221683502197,3.238325595855713,4.916260719299316,0.10146324980747323,0.13680744171142578,0.09707691080197556,-0.06789326667785645,0.17555499076843262,0.30248308181762695,8.0
gru,7,rftn_ce,feature_unavailable_value_zero_mask_zero_all_six_steps,3.1932606959597636,3.381091356277466,4.434598359224447,3.100215435028076,3.0627706050872803,4.6137776374816895,3.4922820101434713,3.7327940464019775,4.680775993236805,3.8775382041931152,3.176523208618164,4.161547660827637,0.2990213141837077,0.3517026901245117,0.24617763401235848,0.7773227691650391,0.11375260353088379,-0.45222997665405273,2.0
gru,7,bis_slope,feature_unavailable_value_zero_mask_zero_all_six_steps,3.1932606959597636,3.381091356277466,4.434598359224447,3.100215435028076,3.0627706050872803,4.6137776374816895,3.345169831419344,3.5442354679107666,4.5931250589503225,3.062802791595459,3.306527614593506,4.9213666915893555,0.1519091354595803,0.16314411163330078,0.15852669972587563,-0.03741264343261719,0.24375700950622559,0.307589054107666,6.0
attention,7,bis,feature_unavailable_value_zero_mask_zero_all_six_steps,3.1701520896738775,3.372217893600464,4.40869023155393,3.017302989959717,3.075960397720337,4.584095001220703,41.62951031799173,41.75333786010742,42.76715613673671,50.782493591308594,39.03081130981445,20.0087947845459,38.45935822831785,38.38111996650696,38.35846590518278,47.76519060134888,35.954850912094116,15.424699783325195,1.0
attention,7,bis_sqi,feature_unavailable_value_zero_mask_zero_all_six_steps,3.1701520896738775,3.372217893600464,4.40869023155393,3.017302989959717,3.075960397720337,4.584095001220703,3.170235084303529,3.3722188472747803,4.407601154772416,3.016935110092163,3.075270891189575,4.592137336730957,8.2994629651445e-05,9.5367431640625e-07,-0.0010890767815139313,-0.00036787986755371094,-0.0006895065307617188,0.008042335510253906,15.0
attention,7,hr,feature_unavailable_value_zero_mask_zero_all_six_steps,3.1701520896738775,3.372217893600464,4.40869023155393,3.017302989959717,3.075960397720337,4.584095001220703,3.1703023670956427,3.3723912239074707,4.408056736904023,3.017012357711792,3.075437545776367,4.591397285461426,0.0001502774217652103,0.00017333030700683594,-0.0006334946499064742,-0.0002906322479248047,-0.0005228519439697266,0.007302284240722656,9.0
attention,7,mbp,feature_unavailable_value_zero_mask_zero_all_six_steps,3.1701520896738775,3.372217893600464,4.40869023155393,3.017302989959717,3.075960397720337,4.584095001220703,3.170276457357468,3.37233304977417,4.407685127700099,3.016378164291382,3.0755209922790527,4.593295097351074,0.00012436768359069816,0.00011515617370605469,-0.001005103853830569,-0.0009248256683349609,-0.0004394054412841797,0.009200096130371094,12.0
attention,7,sbp,feature_unavailable_value_zero_mask_zero_all_six_steps,3.1701520896738775,3.372217893600464,4.40869023155393,3.017302989959717,3.075960397720337,4.584095001220703,3.1701869931015585,3.3722033500671387,4.407697725465851,3.017009735107422,3.0753281116485596,4.590724945068359,3.490342768097676e-05,-1.4543533325195312e-05,-0.0009925060880791037,-0.0002932548522949219,-0.0006322860717773438,0.00662994384765625,16.0
attention,7,dbp,feature_unavailable_value_zero_mask_zero_all_six_steps,3.1701520896738775,3.372217893600464,4.40869023155393,3.017302989959717,3.075960397720337,4.584095001220703,3.178708036064276,3.3814003467559814,4.413203533476923,2.9867660999298096,3.088639259338379,4.7383809089660645,0.008555946390398361,0.009182453155517578,0.0045133019229934845,-0.030536890029907227,0.012678861618041992,0.15428590774536133,4.0
attention,7,spo2,feature_unavailable_value_zero_mask_zero_all_six_steps,3.1701520896738775,3.372217893600464,4.40869023155393,3.017302989959717,3.075960397720337,4.584095001220703,3.182991158473882,3.3903818130493164,4.417643062452787,2.9753687381744385,3.0939228534698486,4.806116104125977,0.012839068800004405,0.01816391944885254,0.008952830898857123,-0.04193425178527832,0.01796245574951172,0.22202110290527344,3.0
attention,7,etco2,feature_unavailable_value_zero_mask_zero_all_six_steps,3.1701520896738775,3.372217893600464,4.40869023155393,3.017302989959717,3.075960397720337,4.584095001220703,3.1698759293693346,3.3718507289886475,4.40603397025529,3.0166547298431396,3.074819803237915,4.592123031616211,-0.0002761603045429162,-0.00036716461181640625,-0.002656261298639606,-0.0006482601165771484,-0.001140594482421875,0.008028030395507812,17.0
attention,7,ppf_rate,feature_unavailable_value_zero_mask_zero_all_six_steps,3.1701520896738775,3.372217893600464,4.40869023155393,3.017302989959717,3.075960397720337,4.584095001220703,3.1702252800076454,3.372340440750122,4.407320639842798,3.0167365074157715,3.0751404762268066,4.593904972076416,7.319033376784745e-05,0.00012254714965820312,-0.0013695917111320455,-0.0005664825439453125,-0.0008199214935302734,0.00980997085571289,11.0
attention,7,ppf_volume,feature_unavailable_value_zero_mask_zero_all_six_steps,3.1701520896738775,3.372217893600464,4.40869023155393,3.017302989959717,3.075960397720337,4.584095001220703,3.1702633815299235,3.3722927570343018,4.407141856052292,3.0168018341064453,3.0750508308410645,4.594797134399414,0.0001112918560459697,7.486343383789062e-05,-0.0015483755016374445,-0.0005011558532714844,-0.0009095668792724609,0.010702133178710938,13.0
attention,7,ppf_cp,feature_unavailable_value_zero_mask_zero_all_six_steps,3.1701520896738775,3.372217893600464,4.40869023155393,3.017302989959717,3.075960397720337,4.584095001220703,3.175151074907984,3.381028413772583,4.411370904008266,2.997276782989502,3.0780107975006104,4.725144386291504,0.004998985234106357,0.00881052017211914,0.0026806724543364524,-0.020026206970214844,0.0020503997802734375,0.14104938507080078,5.0
attention,7,ppf_ce,feature_unavailable_value_zero_mask_zero_all_six_steps,3.1701520896738775,3.372217893600464,4.40869023155393,3.017302989959717,3.075960397720337,4.584095001220703,3.211879341321619,3.4296300411224365,4.463637274272435,2.931550979614258,3.143234968185425,5.008421421051025,0.0417272516477416,0.057412147521972656,0.05494704271850548,-0.08575201034545898,0.06727457046508789,0.42432641983032227,2.0
attention,7,rftn_rate,feature_unavailable_value_zero_mask_zero_all_six_steps,3.1701520896738775,3.372217893600464,4.40869023155393,3.017302989959717,3.075960397720337,4.584095001220703,3.1701389504844752,3.3723480701446533,4.408563578645579,3.01694917678833,3.0759315490722656,4.585750102996826,-1.3139189402266993e-05,0.00013017654418945312,-0.00012665290835123244,-0.00035381317138671875,-2.8848648071289062e-05,0.0016551017761230469,10.0
attention,7,rftn_volume,feature_unavailable_value_zero_mask_zero_all_six_steps,3.1701520896738775,3.372217893600464,4.40869023155393,3.017302989959717,3.075960397720337,4.584095001220703,3.170173916266493,3.372281551361084,4.408200502838464,3.017141342163086,3.075648307800293,4.587504863739014,2.1826592615514784e-05,6.365776062011719e-05,-0.0004897287154657093,-0.00016164779663085938,-0.0003120899200439453,0.003409862518310547,14.0
attention,7,rftn_cp,feature_unavailable_value_zero_mask_zero_all_six_steps,3.1701520896738775,3.372217893600464,4.40869023155393,3.017302989959717,3.075960397720337,4.584095001220703,3.171022157459727,3.3738315105438232,4.408826508667364,3.0149803161621094,3.0758726596832275,4.60677433013916,0.0008700677858493044,0.001613616943359375,0.00013627711343389137,-0.002322673797607422,-8.7738037109375e-05,0.02267932891845703,7.0
attention,7,rftn_ce,feature_unavailable_value_zero_mask_zero_all_six_steps,3.1701520896738775,3.372217893600464,4.40869023155393,3.017302989959717,3.075960397720337,4.584095001220703,3.1712180903461955,3.3750579357147217,4.40828632409972,3.0151898860931396,3.0756654739379883,4.60999059677124,0.0010660006723179904,0.0028400421142578125,-0.0004039074542099286,-0.0021131038665771484,-0.0002949237823486328,0.02589559555053711,6.0
attention,7,bis_slope,feature_unavailable_value_zero_mask_zero_all_six_steps,3.1701520896738775,3.372217893600464,4.40869023155393,3.017302989959717,3.075960397720337,4.584095001220703,3.1708822383582835,3.372954845428467,4.408459528900257,3.0134212970733643,3.0771732330322266,4.602046966552734,0.0007301486844060179,0.0007369518280029297,-0.0002307026536731982,-0.003881692886352539,0.0012128353118896484,0.01795196533203125,8.0
gru,21,bis,feature_unavailable_value_zero_mask_zero_all_six_steps,3.258382923852979,3.434628486633301,4.505438577221762,2.9300224781036377,3.2346456050872803,4.929090976715088,7.403287444040241,8.548654556274414,9.913874350848532,9.187211036682129,4.4073405265808105,22.239913940429688,4.144904520187262,5.114026069641113,5.4084357736267705,6.257188558578491,1.1726949214935303,17.3108229637146,1.0
gru,21,bis_sqi,feature_unavailable_value_zero_mask_zero_all_six_steps,3.258382923852979,3.434628486633301,4.505438577221762,2.9300224781036377,3.2346456050872803,4.929090976715088,3.3298461028339856,3.524315118789673,4.5798558471227775,2.9150145053863525,3.3410370349884033,5.125396728515625,0.07146317898100651,0.08968663215637207,0.07441726990101571,-0.015007972717285156,0.10639142990112305,0.1963057518005371,8.0
gru,21,hr,feature_unavailable_value_zero_mask_zero_all_six_steps,3.258382923852979,3.434628486633301,4.505438577221762,2.9300224781036377,3.2346456050872803,4.929090976715088,3.382708328964425,3.5500335693359375,4.618558478480064,2.8584468364715576,3.4838435649871826,4.986208915710449,0.12432540511144596,0.11540508270263672,0.11311990125830196,-0.07157564163208008,0.24919795989990234,0.05711793899536133,7.0
gru,21,mbp,feature_unavailable_value_zero_mask_zero_all_six_steps,3.258382923852979,3.434628486633301,4.505438577221762,2.9300224781036377,3.2346456050872803,4.929090976715088,3.517526833016711,3.7057480812072754,4.732289356167439,2.9779787063598633,3.598400115966797,5.345402717590332,0.25914390916373176,0.2711195945739746,0.2268507789456775,0.047956228256225586,0.3637545108795166,0.41631174087524414,2.0
gru,21,sbp,feature_unavailable_value_zero_mask_zero_all_six_steps,3.258382923852979,3.434628486633301,4.505438577221762,2.9300224781036377,3.2346456050872803,4.929090976715088,3.263866290896134,3.4382550716400146,4.516768581410287,2.9525341987609863,3.255499839782715,4.739730358123779,0.005483367043154885,0.003626585006713867,0.011330004188525145,0.022511720657348633,0.02085423469543457,-0.1893606185913086,15.0
gru,21,dbp,feature_unavailable_value_zero_mask_zero_all_six_steps,3.258382923852979,3.434628486633301,4.505438577221762,2.9300224781036377,3.2346456050872803,4.929090976715088,3.2261157288267546,3.4020540714263916,4.4782525827261175,3.0635080337524414,3.130481481552124,4.69535493850708,-0.03226719502622455,-0.03257441520690918,-0.027185994495644294,0.1334855556488037,-0.10416412353515625,-0.2337360382080078,17.0
gru,21,spo2,feature_unavailable_value_zero_mask_zero_all_six_steps,3.258382923852979,3.434628486633301,4.505438577221762,2.9300224781036377,3.2346456050872803,4.929090976715088,3.3511426460856297,3.518244743347168,4.593414230417431,2.972414255142212,3.3850581645965576,4.809074878692627,0.09275972223265061,0.08361625671386719,0.08797565319566925,0.04239177703857422,0.15041255950927734,-0.12001609802246094,9.0
gru,21,etco2,feature_unavailable_value_zero_mask_zero_all_six_steps,3.258382923852979,3.434628486633301,4.505438577221762,2.9300224781036377,3.2346456050872803,4.929090976715088,3.2713880781864866,3.4533658027648926,4.521693373942465,3.004369020462036,3.2196736335754395,4.878017425537109,0.013005154333507463,0.018737316131591797,0.016254796720703624,0.07434654235839844,-0.01497197151184082,-0.051073551177978516,13.0
gru,21,ppf_rate,feature_unavailable_value_zero_mask_zero_all_six_steps,3.258382923852979,3.434628486633301,4.505438577221762,2.9300224781036377,3.2346456050872803,4.929090976715088,3.2892979199736034,3.477267265319824,4.541174538385519,3.051903009414673,3.2462291717529297,4.695427417755127,0.030914996120624316,0.04263877868652344,0.035735961163757324,0.12188053131103516,0.011583566665649414,-0.23366355895996094,11.0
gru,21,ppf_volume,feature_unavailable_value_zero_mask_zero_all_six_steps,3.258382923852979,3.434628486633301,4.505438577221762,2.9300224781036377,3.2346456050872803,4.929090976715088,3.4003744841825374,3.5737080574035645,4.636512305606697,3.0077192783355713,3.4203684329986572,5.027993679046631,0.1419915603295583,0.13907957077026367,0.13107372838493525,0.0776968002319336,0.18572282791137695,0.09890270233154297,6.0
gru,21,ppf_cp,feature_unavailable_value_zero_mask_zero_all_six_steps,3.258382923852979,3.434628486633301,4.505438577221762,2.9300224781036377,3.2346456050872803,4.929090976715088,3.2936244205152896,3.48207426071167,4.555562768219514,2.9496567249298096,3.289299249649048,4.886556625366211,0.03524149666231047,0.04744577407836914,0.050124190997752116,0.019634246826171875,0.05465364456176758,-0.04253435134887695,10.0
gru,21,ppf_ce,feature_unavailable_value_zero_mask_zero_all_six_steps,3.258382923852979,3.434628486633301,4.505438577221762,2.9300224781036377,3.2346456050872803,4.929090976715088,3.4933558762500314,3.6860857009887695,4.722511020781104,3.0339715480804443,3.5590248107910156,5.074056625366211,0.2349729523970523,0.25145721435546875,0.21707244355934208,0.10394906997680664,0.32437920570373535,0.14496564865112305,3.0
gru,21,rftn_rate,feature_unavailable_value_zero_mask_zero_all_six_steps,3.258382923852979,3.434628486633301,4.505438577221762,2.9300224781036377,3.2346456050872803,4.929090976715088,3.2788930697709215,3.463515043258667,4.523404739227603,3.0017683506011963,3.239262580871582,4.838874816894531,0.020510145917942424,0.02888655662536621,0.017966162005841113,0.0717458724975586,0.004616975784301758,-0.09021615982055664,12.0
gru,21,rftn_volume,feature_unavailable_value_zero_mask_zero_all_six_steps,3.258382923852979,3.434628486633301,4.505438577221762,2.9300224781036377,3.2346456050872803,4.929090976715088,3.2451535948202466,3.4363768100738525,4.492986953923304,3.2342090606689453,3.0887157917022705,4.491921424865723,-0.01322932903273255,0.0017483234405517578,-0.012451623298457726,0.3041865825653076,-0.14592981338500977,-0.43716955184936523,16.0
gru,21,rftn_cp,feature_unavailable_value_zero_mask_zero_all_six_steps,3.258382923852979,3.434628486633301,4.505438577221762,2.9300224781036377,3.2346456050872803,4.929090976715088,3.3749903004862696,3.652064085006714,4.62605366216696,2.9974706172943115,3.3702447414398193,5.123293876647949,0.11660737663329046,0.21743559837341309,0.12061508494519835,0.06744813919067383,0.13559913635253906,0.19420289993286133,4.0
gru,21,rftn_ce,feature_unavailable_value_zero_mask_zero_all_six_steps,3.258382923852979,3.434628486633301,4.505438577221762,2.9300224781036377,3.2346456050872803,4.929090976715088,3.280862224537213,3.4468190670013428,4.521334521081616,3.047987699508667,3.2376015186309814,4.667961120605469,0.022479300684234094,0.012190580368041992,0.015895943859853823,0.1179652214050293,0.002955913543701172,-0.26112985610961914,14.0
gru,21,bis_slope,feature_unavailable_value_zero_mask_zero_all_six_steps,3.258382923852979,3.434628486633301,4.505438577221762,2.9300224781036377,3.2346456050872803,4.929090976715088,3.444519883017121,3.625493049621582,4.6889102524961155,3.0522427558898926,3.4698846340179443,5.029328346252441,0.18613695916414175,0.19086456298828125,0.1834716752743537,0.12222027778625488,0.23523902893066406,0.10023736953735352,5.0
attention,21,bis,feature_unavailable_value_zero_mask_zero_all_six_steps,3.21383903143845,3.3884236812591553,4.459486575309278,3.209949493408203,3.054980993270874,4.447133541107178,44.49664945207245,43.90980911254883,45.71296953780963,54.37576675415039,41.655242919921875,21.440336227416992,41.28281042063399,40.52138543128967,41.25348296250035,51.16581726074219,38.600261926651,16.993202686309814,1.0
attention,21,bis_sqi,feature_unavailable_value_zero_mask_zero_all_six_steps,3.21383903143845,3.3884236812591553,4.459486575309278,3.209949493408203,3.054980993270874,4.447133541107178,3.2139974478363276,3.388479709625244,4.459353635200256,3.208466053009033,3.055314064025879,4.453402042388916,0.00015841639787739226,5.602836608886719e-05,-0.00013294010902153985,-0.0014834403991699219,0.0003330707550048828,0.006268501281738281,11.0
attention,21,hr,feature_unavailable_value_zero_mask_zero_all_six_steps,3.21383903143845,3.3884236812591553,4.459486575309278,3.209949493408203,3.054980993270874,4.447133541107178,3.213796809380401,3.38810396194458,4.458734365819707,3.2065834999084473,3.054659366607666,4.4643049240112305,-4.2222058049379285e-05,-0.0003197193145751953,-0.0007522094895708875,-0.0033659934997558594,-0.0003216266632080078,0.017171382904052734,14.0
attention,21,mbp,feature_unavailable_value_zero_mask_zero_all_six_steps,3.21383903143845,3.3884236812591553,4.459486575309278,3.209949493408203,3.054980993270874,4.447133541107178,3.214358860176625,3.389612913131714,4.464317397752155,3.2076480388641357,3.0561814308166504,4.455240726470947,0.000519828738174688,0.0011892318725585938,0.004830822442877469,-0.002301454544067383,0.0012004375457763672,0.008107185363769531,5.0
attention,21,sbp,feature_unavailable_value_zero_mask_zero_all_six_steps,3.21383903143845,3.3884236812591553,4.459486575309278,3.209949493408203,3.054980993270874,4.447133541107178,3.214174436087171,3.3888800144195557,4.460216081147908,3.2089481353759766,3.0551130771636963,4.455089569091797,0.00033540464872094944,0.0004563331604003906,0.0007295058386302955,-0.0010013580322265625,0.00013208389282226562,0.00795602798461914,7.0
attention,21,dbp,feature_unavailable_value_zero_mask_zero_all_six_steps,3.21383903143845,3.3884236812591553,4.459486575309278,3.209949493408203,3.054980993270874,4.447133541107178,3.2140609858978912,3.3885529041290283,4.459471795714727,3.207869052886963,3.054821014404297,4.460721492767334,0.00022195445944106496,0.00012922286987304688,-1.4779594550873298e-05,-0.0020804405212402344,-0.00015997886657714844,0.01358795166015625,8.0
attention,21,spo2,feature_unavailable_value_zero_mask_zero_all_six_steps,3.21383903143845,3.3884236812591553,4.459486575309278,3.209949493408203,3.054980993270874,4.447133541107178,3.2140372696442285,3.3882811069488525,4.459300082933256,3.207420587539673,3.0551695823669434,4.459775924682617,0.00019823820577835605,-0.00014257431030273438,-0.00018649237602197388,-0.0025289058685302734,0.00018858909606933594,0.012642383575439453,13.0
attention,21,etco2,feature_unavailable_value_zero_mask_zero_all_six_steps,3.21383903143845,3.3884236812591553,4.459486575309278,3.209949493408203,3.054980993270874,4.447133541107178,3.2146421751095553,3.389432668685913,4.460368998721741,3.2056171894073486,3.0547399520874023,4.479218006134033,0.0008031436711051221,0.0010089874267578125,0.0008824234124631403,-0.004332304000854492,-0.0002410411834716797,0.03208446502685547,6.0
attention,21,ppf_rate,feature_unavailable_value_zero_mask_zero_all_six_steps,3.21383903143845,3.3884236812591553,4.459486575309278,3.209949493408203,3.054980993270874,4.447133541107178,3.2473872400027006,3.413252592086792,4.483645075685209,3.1220171451568604,3.0612077713012695,5.240652561187744,0.03354820856425045,0.02482891082763672,0.024158500375931702,-0.08793234825134277,0.006226778030395508,0.7935190200805664,3.0
attention,21,ppf_volume,feature_unavailable_value_zero_mask_zero_all_six_steps,3.21383903143845,3.3884236812591553,4.459486575309278,3.209949493408203,3.054980993270874,4.447133541107178,3.2128160839168127,3.390777587890625,4.4663185301046155,3.220752239227295,3.064868211746216,4.30899715423584,-0.0010229475216374517,0.0023539066314697266,0.006831954795337936,0.010802745819091797,0.009887218475341797,-0.1381363868713379,4.0
attention,21,ppf_cp,feature_unavailable_value_zero_mask_zero_all_six_steps,3.21383903143845,3.3884236812591553,4.459486575309278,3.209949493408203,3.054980993270874,4.447133541107178,3.221660963175568,3.419527769088745,4.488642842415569,3.1042864322662354,3.0487611293792725,5.077045917510986,0.007821931737117982,0.031104087829589844,0.029156267106291267,-0.10566306114196777,-0.0062198638916015625,0.6299123764038086,2.0
attention,21,ppf_ce,feature_unavailable_value_zero_mask_zero_all_six_steps,3.21383903143845,3.3884236812591553,4.459486575309278,3.209949493408203,3.054980993270874,4.447133541107178,3.2135522012657955,3.387619733810425,4.457917054358867,3.205791473388672,3.0543482303619385,4.4670491218566895,-0.0002868301726546285,-0.0008039474487304688,-0.001569520950410741,-0.00415802001953125,-0.0006327629089355469,0.01991558074951172,16.0
attention,21,rftn_rate,feature_unavailable_value_zero_mask_zero_all_six_steps,3.21383903143845,3.3884236812591553,4.459486575309278,3.209949493408203,3.054980993270874,4.447133541107178,3.21371586315228,3.388355016708374,4.459527565426368,3.2095773220062256,3.0554070472717285,4.443940162658691,-0.00012316828617020548,-6.866455078125e-05,4.099011709080003e-05,-0.00037217140197753906,0.0004260540008544922,-0.003193378448486328,12.0
attention,21,rftn_volume,feature_unavailable_value_zero_mask_zero_all_six_steps,3.21383903143845,3.3884236812591553,4.459486575309278,3.209949493408203,3.054980993270874,4.447133541107178,3.2140009470676674,3.3885340690612793,4.459583163596825,3.2086737155914307,3.054875373840332,4.455864429473877,0.00016191562921719083,0.00011038780212402344,9.658828754766091e-05,-0.001275777816772461,-0.00010561943054199219,0.008730888366699219,9.0
attention,21,rftn_cp,feature_unavailable_value_zero_mask_zero_all_six_steps,3.21383903143845,3.3884236812591553,4.459486575309278,3.209949493408203,3.054980993270874,4.447133541107178,3.2138259893068755,3.388518810272217,4.459888113303037,3.209244966506958,3.0553548336029053,4.447296619415283,-1.3042131574714233e-05,9.512901306152344e-05,0.00040153799375897137,-0.0007045269012451172,0.00037384033203125,0.00016307830810546875,10.0
attention,21,rftn_ce,feature_unavailable_value_zero_mask_zero_all_six_steps,3.21383903143845,3.3884236812591553,4.459486575309278,3.209949493408203,3.054980993270874,4.447133541107178,3.2138172067489292,3.3879668712615967,4.458484649150714,3.2092361450195312,3.0548877716064453,4.4507951736450195,-2.1824689520943963e-05,-0.00045680999755859375,-0.0010019261585636485,-0.000713348388671875,-9.322166442871094e-05,0.003661632537841797,15.0
attention,21,bis_slope,feature_unavailable_value_zero_mask_zero_all_six_steps,3.21383903143845,3.3884236812591553,4.459486575309278,3.209949493408203,3.054980993270874,4.447133541107178,3.2130127700929254,3.3873372077941895,4.457967342958021,3.2019598484039307,3.0557515621185303,4.466573715209961,-0.0008262613455247703,-0.0010864734649658203,-0.0015192323512565054,-0.007989645004272461,0.00077056884765625,0.019440174102783203,17.0
gru,42,bis,feature_unavailable_value_zero_mask_zero_all_six_steps,3.2224547062307503,3.3988022804260254,4.494125874819794,2.9762415885925293,3.123408555984497,5.0969390869140625,7.193677494511636,8.322159767150879,9.799584634099832,8.475932121276855,4.437678813934326,22.46908950805664,3.971222788280886,4.9233574867248535,5.305458759280038,5.499690532684326,1.314270257949829,17.372150421142578,1.0
gru,42,bis_sqi,feature_unavailable_value_zero_mask_zero_all_six_steps,3.2224547062307503,3.3988022804260254,4.494125874819794,2.9762415885925293,3.123408555984497,5.0969390869140625,3.265468106413688,3.417511224746704,4.532626208657339,2.9549851417541504,3.221754312515259,5.0079755783081055,0.043013400182937644,0.01870894432067871,0.03850033383754514,-0.021256446838378906,0.09834575653076172,-0.08896350860595703,13.0
gru,42,hr,feature_unavailable_value_zero_mask_zero_all_six_steps,3.2224547062307503,3.3988022804260254,4.494125874819794,2.9762415885925293,3.123408555984497,5.0969390869140625,3.317663570681233,3.497985363006592,4.5827796496733075,3.038925886154175,3.25816011428833,5.037039279937744,0.09520886445048271,0.0991830825805664,0.08865377485351367,0.06268429756164551,0.134751558303833,-0.05989980697631836,5.0
gru,42,mbp,feature_unavailable_value_zero_mask_zero_all_six_steps,3.2224547062307503,3.3988022804260254,4.494125874819794,2.9762415885925293,3.123408555984497,5.0969390869140625,3.239059236998681,3.4320623874664307,4.517232421653709,3.1309924125671387,3.1092233657836914,4.722691059112549,0.01660453076793056,0.03326010704040527,0.02310654683391533,0.15475082397460938,-0.014185190200805664,-0.37424802780151367,8.0
gru,42,sbp,feature_unavailable_value_zero_mask_zero_all_six_steps,3.2224547062307503,3.3988022804260254,4.494125874819794,2.9762415885925293,3.123408555984497,5.0969390869140625,3.2378708239046112,3.4295530319213867,4.5020885598421,3.036705255508423,3.117440938949585,5.071709156036377,0.015416117673860974,0.030750751495361328,0.00796268502230646,0.060463666915893555,-0.005967617034912109,-0.025229930877685547,10.0
gru,42,dbp,feature_unavailable_value_zero_mask_zero_all_six_steps,3.2224547062307503,3.3988022804260254,4.494125874819794,2.9762415885925293,3.123408555984497,5.0969390869140625,3.256952862516229,3.4307618141174316,4.540861216993218,2.993274211883545,3.1997125148773193,4.890719413757324,0.03449815628547892,0.03195953369140625,0.04673534217342379,0.017032623291015625,0.07630395889282227,-0.20621967315673828,9.0
gru,42,spo2,feature_unavailable_value_zero_mask_zero_all_six_steps,3.2224547062307503,3.3988022804260254,4.494125874819794,2.9762415885925293,3.123408555984497,5.0969390869140625,3.2277199129135288,3.408677339553833,4.48198378562451,2.987403154373169,3.167259931564331,4.7801833152771,0.005265206682778523,0.009875059127807617,-0.012142089195283923,0.011161565780639648,0.043851375579833984,-0.3167557716369629,14.0
gru,42,etco2,feature_unavailable_value_zero_mask_zero_all_six_steps,3.2224547062307503,3.3988022804260254,4.494125874819794,2.9762415885925293,3.123408555984497,5.0969390869140625,3.2652950366347424,3.428520441055298,4.538285475193353,2.9627983570098877,3.235501766204834,4.86505651473999,0.042840330403992155,0.02971816062927246,0.04415960037355937,-0.013443231582641602,0.11209321022033691,-0.23188257217407227,11.0
gru,42,ppf_rate,feature_unavailable_value_zero_mask_zero_all_six_steps,3.2224547062307503,3.3988022804260254,4.494125874819794,2.9762415885925293,3.123408555984497,5.0969390869140625,3.364332321678365,3.514347791671753,4.627683523154722,3.025116205215454,3.339322566986084,5.094006538391113,0.14187761544761468,0.11554551124572754,0.13355764833492856,0.048874616622924805,0.21591401100158691,-0.0029325485229492188,4.0
gru,42,ppf_volume,feature_unavailable_value_zero_mask_zero_all_six_steps,3.2224547062307503,3.3988022804260254,4.494125874819794,2.9762415885925293,3.123408555984497,5.0969390869140625,3.2048964945415555,3.387834072113037,4.491086412871303,3.056821346282959,3.069200038909912,4.914806842803955,-0.017558211689194803,-0.010968208312988281,-0.003039461948491251,0.08057975769042969,-0.05420851707458496,-0.18213224411010742,15.0
gru,42,ppf_cp,feature_unavailable_value_zero_mask_zero_all_six_steps,3.2224547062307503,3.3988022804260254,4.494125874819794,2.9762415885925293,3.123408555984497,5.0969390869140625,3.207078235951762,3.3871142864227295,4.4862211093614786,2.99031400680542,3.1182868480682373,4.869541168212891,-0.015376470278988474,-0.011687994003295898,-0.00790476545831531,0.014072418212890625,-0.005121707916259766,-0.22739791870117188,16.0
gru,42,ppf_ce,feature_unavailable_value_zero_mask_zero_all_six_steps,3.2224547062307503,3.3988022804260254,4.494125874819794,2.9762415885925293,3.123408555984497,5.0969390869140625,3.195534602117197,3.381819248199463,4.463184664311982,2.9752910137176514,3.097754716873169,4.942558765411377,-0.02692010411355339,-0.0169830322265625,-0.030941210507811512,-0.0009505748748779297,-0.025653839111328125,-0.15438032150268555,17.0
gru,42,rftn_rate,feature_unavailable_value_zero_mask_zero_all_six_steps,3.2224547062307503,3.3988022804260254,4.494125874819794,2.9762415885925293,3.123408555984497,5.0969390869140625,3.2278490388934946,3.4182016849517822,4.498830375082562,3.050421953201294,3.0885169506073,5.098687171936035,0.005394332662744361,0.019399404525756836,0.004704500262768363,0.07418036460876465,-0.034891605377197266,0.0017480850219726562,12.0
gru,42,rftn_volume,feature_unavailable_value_zero_mask_zero_all_six_steps,3.2224547062307503,3.3988022804260254,4.494125874819794,2.9762415885925293,3.123408555984497,5.0969390869140625,3.2543269783303916,3.437762498855591,4.510497461604,3.2316389083862305,3.0554323196411133,4.879249572753906,0.031872272099641386,0.03896021842956543,0.01637158678420647,0.25539731979370117,-0.06797623634338379,-0.21768951416015625,7.0
gru,42,rftn_cp,feature_unavailable_value_zero_mask_zero_all_six_steps,3.2224547062307503,3.3988022804260254,4.494125874819794,2.9762415885925293,3.123408555984497,5.0969390869140625,3.230743771918098,3.450514554977417,4.506334953288242,3.0995676517486572,3.0847253799438477,4.9430084228515625,0.008289065687347552,0.0517122745513916,0.012209078468448098,0.12332606315612793,-0.038683176040649414,-0.1539306640625,6.0
gru,42,rftn_ce,feature_unavailable_value_zero_mask_zero_all_six_steps,3.2224547062307503,3.3988022804260254,4.494125874819794,2.9762415885925293,3.123408555984497,5.0969390869140625,3.377034475467815,3.516145944595337,4.655442053750116,2.9472360610961914,3.406660556793213,5.099384784698486,0.15457976923706473,0.11734366416931152,0.16131617893032235,-0.02900552749633789,0.2832520008087158,0.002445697784423828,3.0
gru,42,bis_slope,feature_unavailable_value_zero_mask_zero_all_six_steps,3.2224547062307503,3.3988022804260254,4.494125874819794,2.9762415885925293,3.123408555984497,5.0969390869140625,3.485087116750589,3.6184513568878174,4.750730205769601,3.0304172039031982,3.512603282928467,5.336371898651123,0.26263241051983854,0.219649076461792,0.2566043309498074,0.054175615310668945,0.3891947269439697,0.23943281173706055,2.0
attention,42,bis,feature_unavailable_value_zero_mask_zero_all_six_steps,3.193588376730901,3.382908344268799,4.447197355877532,3.0289158821105957,3.1168906688690186,4.527275085449219,38.639825718392316,38.82036590576172,39.9894492940238,29.219806671142578,41.085323333740234,62.643898010253906,35.446237341661416,35.43745756149292,35.542251938146265,26.190890789031982,37.968432664871216,58.11662292480469,1.0
attention,42,bis_sqi,feature_unavailable_value_zero_mask_zero_all_six_steps,3.193588376730901,3.382908344268799,4.447197355877532,3.0289158821105957,3.1168906688690186,4.527275085449219,3.1908113758585546,3.372846841812134,4.441387878583828,3.1010258197784424,3.0809521675109863,4.438668727874756,-0.0027770008723462247,-0.010061502456665039,-0.0058094772937042904,0.07210993766784668,-0.03593850135803223,-0.08860635757446289,13.0
attention,42,hr,feature_unavailable_value_zero_mask_zero_all_six_steps,3.193588376730901,3.382908344268799,4.447197355877532,3.0289158821105957,3.1168906688690186,4.527275085449219,3.1878017391281404,3.3724846839904785,4.439352324718745,3.0721235275268555,3.0886919498443604,4.470818519592285,-0.005786637602760436,-0.010423660278320312,-0.007845031158787208,0.043207645416259766,-0.028198719024658203,-0.056456565856933594,14.0
attention,42,mbp,feature_unavailable_value_zero_mask_zero_all_six_steps,3.193588376730901,3.382908344268799,4.447197355877532,3.0289158821105957,3.1168906688690186,4.527275085449219,3.189071173902436,3.374040126800537,4.440744088996424,3.070148468017578,3.091280698776245,4.476705551147461,-0.004517202828464573,-0.008868217468261719,-0.006453266881107922,0.04123258590698242,-0.025609970092773438,-0.05056953430175781,9.0
attention,42,sbp,feature_unavailable_value_zero_mask_zero_all_six_steps,3.193588376730901,3.382908344268799,4.447197355877532,3.0289158821105957,3.1168906688690186,4.527275085449219,3.191665338090166,3.373809337615967,4.4424212457908165,3.097066879272461,3.084099054336548,4.443802356719971,-0.001923038640734731,-0.009099006652832031,-0.004776110086715413,0.06815099716186523,-0.0327916145324707,-0.08347272872924805,12.0
attention,42,dbp,feature_unavailable_value_zero_mask_zero_all_six_steps,3.193588376730901,3.382908344268799,4.447197355877532,3.0289158821105957,3.1168906688690186,4.527275085449219,3.1915425023977737,3.372389078140259,4.440999293951004,3.11185622215271,3.07684326171875,4.430639743804932,-0.0020458743331270846,-0.010519266128540039,-0.0061980619265282755,0.08294034004211426,-0.040047407150268555,-0.09663534164428711,15.0
attention,42,spo2,feature_unavailable_value_zero_mask_zero_all_six_steps,3.193588376730901,3.382908344268799,4.447197355877532,3.0289158821105957,3.1168906688690186,4.527275085449219,3.2111021321289193,3.3888702392578125,4.4532136257754455,3.211777448654175,3.063397169113159,4.338347434997559,0.01751375539801847,0.005961894989013672,0.006016269897913595,0.1828615665435791,-0.053493499755859375,-0.18892765045166016,4.0
attention,42,etco2,feature_unavailable_value_zero_mask_zero_all_six_steps,3.193588376730901,3.382908344268799,4.447197355877532,3.0289158821105957,3.1168906688690186,4.527275085449219,3.1889690397378776,3.373894453048706,4.441125692681226,3.064542770385742,3.0939104557037354,4.480654716491699,-0.004619336993023193,-0.009013891220092773,-0.006071663196306254,0.035626888275146484,-0.022980213165283203,-0.04662036895751953,11.0
attention,42,ppf_rate,feature_unavailable_value_zero_mask_zero_all_six_steps,3.193588376730901,3.382908344268799,4.447197355877532,3.0289158821105957,3.1168906688690186,4.527275085449219,3.20390960170792,3.3816072940826416,4.449444927354231,3.1715056896209717,3.069685935974121,4.378000259399414,0.010321224977019039,-0.0013010501861572266,0.002247571476699406,0.14258980751037598,-0.04720473289489746,-0.1492748260498047,5.0
attention,42,ppf_volume,feature_unavailable_value_zero_mask_zero_all_six_steps,3.193588376730901,3.382908344268799,4.447197355877532,3.0289158821105957,3.1168906688690186,4.527275085449219,3.1891107251350554,3.374390125274658,4.4411511366948595,3.0629119873046875,3.09464693069458,4.4842848777771,-0.0044776515958453444,-0.008518218994140625,-0.006046219182672452,0.0339961051940918,-0.022243738174438477,-0.04299020767211914,8.0
attention,42,ppf_cp,feature_unavailable_value_zero_mask_zero_all_six_steps,3.193588376730901,3.382908344268799,4.447197355877532,3.0289158821105957,3.1168906688690186,4.527275085449219,3.7346816104907274,3.9246673583984375,4.955370466122277,4.084312915802002,3.4709293842315674,4.167523384094238,0.5410932337598267,0.5417590141296387,0.5081731102447451,1.0553970336914062,0.35403871536254883,-0.35975170135498047,2.0
attention,42,ppf_ce,feature_unavailable_value_zero_mask_zero_all_six_steps,3.193588376730901,3.382908344268799,4.447197355877532,3.0289158821105957,3.1168906688690186,4.527275085449219,3.188932989415799,3.3754220008850098,4.441542204954022,3.054431438446045,3.0985610485076904,4.490443706512451,-0.004655387315101844,-0.0074863433837890625,-0.005655150923510099,0.02551555633544922,-0.018329620361328125,-0.03683137893676758,6.0
attention,42,rftn_rate,feature_unavailable_value_zero_mask_zero_all_six_steps,3.193588376730901,3.382908344268799,4.447197355877532,3.0289158821105957,3.1168906688690186,4.527275085449219,3.1882465939970137,3.371920108795166,4.439892679358184,3.0854008197784424,3.0848641395568848,4.445768356323242,-0.005341782733887079,-0.010988235473632812,-0.00730467651934763,0.05648493766784668,-0.03202652931213379,-0.08150672912597656,16.0
attention,42,rftn_volume,feature_unavailable_value_zero_mask_zero_all_six_steps,3.193588376730901,3.382908344268799,4.447197355877532,3.0289158821105957,3.1168906688690186,4.527275085449219,3.194743142663656,3.375138282775879,4.445465794227631,3.1350669860839844,3.0753767490386963,4.378814220428467,0.0011547659327550974,-0.007770061492919922,-0.001731561649901181,0.10615110397338867,-0.041513919830322266,-0.14846086502075195,7.0
attention,42,rftn_cp,feature_unavailable_value_zero_mask_zero_all_six_steps,3.193588376730901,3.382908344268799,4.447197355877532,3.0289158821105957,3.1168906688690186,4.527275085449219,3.2118616338094674,3.394624948501587,4.474429227228818,3.1643857955932617,3.1009764671325684,4.275701999664307,0.01827325707856664,0.011716604232788086,0.027231871351285797,0.13546991348266602,-0.015914201736450195,-0.2515730857849121,3.0
attention,42,rftn_ce,feature_unavailable_value_zero_mask_zero_all_six_steps,3.193588376730901,3.382908344268799,4.447197355877532,3.0289158821105957,3.1168906688690186,4.527275085449219,3.1874644627298516,3.370373010635376,4.438255561864387,3.099822759628296,3.0765910148620605,4.433361530303955,-0.006123914001049169,-0.012535333633422852,-0.008941794013145099,0.0709068775177002,-0.04029965400695801,-0.09391355514526367,17.0
attention,42,bis_slope,feature_unavailable_value_zero_mask_zero_all_six_steps,3.193588376730901,3.382908344268799,4.447197355877532,3.0289158821105957,3.1168906688690186,4.527275085449219,3.193984883480025,3.373985528945923,4.442111141884104,3.1271674633026123,3.0725595951080322,4.426192760467529,0.0003965067491242813,-0.008922815322875977,-0.005086213993427791,0.0982515811920166,-0.04433107376098633,-0.10108232498168945,10.0
gru,84,bis,feature_unavailable_value_zero_mask_zero_all_six_steps,3.2110915424146764,3.378894805908203,4.459399332297138,3.110697031021118,3.06000018119812,4.822587490081787,7.462271191310065,8.603165626525879,10.04111310078726,9.352402687072754,4.353651523590088,22.679487228393555,4.251179648895389,5.224270820617676,5.581713768490123,6.241705656051636,1.2936513423919678,17.856899738311768,1.0
gru,84,bis_sqi,feature_unavailable_value_zero_mask_zero_all_six_steps,3.2110915424146764,3.378894805908203,4.459399332297138,3.110697031021118,3.06000018119812,4.822587490081787,3.5685654633592896,3.748173475265503,4.808300628033424,2.9969711303710938,3.6724720001220703,5.365506649017334,0.35747392094461317,0.3692786693572998,0.3489012957362867,-0.11372590065002441,0.6124718189239502,0.5429191589355469,2.0
gru,84,hr,feature_unavailable_value_zero_mask_zero_all_six_steps,3.2110915424146764,3.378894805908203,4.459399332297138,3.110697031021118,3.06000018119812,4.822587490081787,3.2430590284669716,3.416557550430298,4.503293866025168,3.1235544681549072,3.123661518096924,4.698678016662598,0.03196748605229516,0.03766274452209473,0.04389453372803054,0.012857437133789062,0.06366133689880371,-0.12390947341918945,13.0
gru,84,mbp,feature_unavailable_value_zero_mask_zero_all_six_steps,3.2110915424146764,3.378894805908203,4.459399332297138,3.110697031021118,3.06000018119812,4.822587490081787,3.2447274734554385,3.435142993927002,4.505288656244695,3.054619550704956,3.1350109577178955,4.946438789367676,0.033635931040762124,0.05624818801879883,0.045889323947557514,-0.05607748031616211,0.07501077651977539,0.12385129928588867,12.0
gru,84,sbp,feature_unavailable_value_zero_mask_zero_all_six_steps,3.2110915424146764,3.378894805908203,4.459399332297138,3.110697031021118,3.06000018119812,4.822587490081787,3.250639883225646,3.4111554622650146,4.4985377095784775,3.230250120162964,3.0797300338745117,4.650987148284912,0.039548340810969584,0.03226065635681152,0.03913837728133984,0.1195530891418457,0.0197298526763916,-0.171600341796875,15.0
gru,84,dbp,feature_unavailable_value_zero_mask_zero_all_six_steps,3.2110915424146764,3.378894805908203,4.459399332297138,3.110697031021118,3.06000018119812,4.822587490081787,3.205683825287213,3.3767385482788086,4.460743118953023,3.120330810546875,3.0592236518859863,4.713527679443359,-0.005407717127463574,-0.0021562576293945312,0.001343786655885637,0.009633779525756836,-0.0007765293121337891,-0.10905981063842773,16.0
gru,84,spo2,feature_unavailable_value_zero_mask_zero_all_six_steps,3.2110915424146764,3.378894805908203,4.459399332297138,3.110697031021118,3.06000018119812,4.822587490081787,3.1978109931565184,3.372776985168457,4.448725148854098,3.0348141193389893,3.0993218421936035,4.6906585693359375,-0.013280549258158025,-0.006117820739746094,-0.010674183443039276,-0.0758829116821289,0.0393216609954834,-0.1319289207458496,17.0
gru,84,etco2,feature_unavailable_value_zero_mask_zero_all_six_steps,3.2110915424146764,3.378894805908203,4.459399332297138,3.110697031021118,3.06000018119812,4.822587490081787,3.342737848286562,3.492664098739624,4.5599030917654115,3.4149086475372314,3.148268699645996,4.503627300262451,0.13164630587188553,0.1137692928314209,0.10050375946827383,0.3042116165161133,0.08826851844787598,-0.31896018981933594,6.0
gru,84,ppf_rate,feature_unavailable_value_zero_mask_zero_all_six_steps,3.2110915424146764,3.378894805908203,4.459399332297138,3.110697031021118,3.06000018119812,4.822587490081787,3.2873038279505065,3.4895787239074707,4.546134075928046,2.9330413341522217,3.275987386703491,4.9804229736328125,0.07621228553583004,0.11068391799926758,0.08673474363090872,-0.17765569686889648,0.2159872055053711,0.1578354835510254,7.0
gru,84,ppf_volume,feature_unavailable_value_zero_mask_zero_all_six_steps,3.2110915424146764,3.378894805908203,4.459399332297138,3.110697031021118,3.06000018119812,4.822587490081787,3.2668397987178546,3.4777886867523193,4.5291746052241795,3.057527780532837,3.2041115760803223,4.6960601806640625,0.055748256303178145,0.09889388084411621,0.06977527292704178,-0.05316925048828125,0.14411139488220215,-0.1265273094177246,8.0
gru,84,ppf_cp,feature_unavailable_value_zero_mask_zero_all_six_steps,3.2110915424146764,3.378894805908203,4.459399332297138,3.110697031021118,3.06000018119812,4.822587490081787,3.2350787040646862,3.446653127670288,4.512138175913558,2.954332113265991,3.1995902061462402,4.779792308807373,0.023987161650009803,0.06775832176208496,0.052738843616420006,-0.15636491775512695,0.13959002494812012,-0.04279518127441406,10.0
gru,84,ppf_ce,feature_unavailable_value_zero_mask_zero_all_six_steps,3.2110915424146764,3.378894805908203,4.459399332297138,3.110697031021118,3.06000018119812,4.822587490081787,3.2965291609071707,3.5318143367767334,4.552725784002929,3.005591630935669,3.237297773361206,5.069149971008301,0.08543761849249432,0.15291953086853027,0.09332645170579124,-0.10510540008544922,0.17729759216308594,0.24656248092651367,4.0
gru,84,rftn_rate,feature_unavailable_value_zero_mask_zero_all_six_steps,3.2110915424146764,3.378894805908203,4.459399332297138,3.110697031021118,3.06000018119812,4.822587490081787,3.267324724588082,3.4442219734191895,4.52828075944482,2.9906270503997803,3.2233004570007324,4.85899543762207,0.05623318217340545,0.06532716751098633,0.06888142714768186,-0.12006998062133789,0.1633002758026123,0.0364079475402832,11.0
gru,84,rftn_volume,feature_unavailable_value_zero_mask_zero_all_six_steps,3.2110915424146764,3.378894805908203,4.459399332297138,3.110697031021118,3.06000018119812,4.822587490081787,3.2485779051294292,3.412458896636963,4.501095788700502,3.196791172027588,3.0935380458831787,4.669858932495117,0.03748636271475281,0.033564090728759766,0.041696456403363946,0.08609414100646973,0.033537864685058594,-0.15272855758666992,14.0
gru,84,rftn_cp,feature_unavailable_value_zero_mask_zero_all_six_steps,3.2110915424146764,3.378894805908203,4.459399332297138,3.110697031021118,3.06000018119812,4.822587490081787,3.247755831375776,3.459205389022827,4.507476662494611,3.0628180503845215,3.1375794410705566,4.929540157318115,0.03666428896109952,0.08031058311462402,0.04807733019747307,-0.04787898063659668,0.07757925987243652,0.10695266723632812,9.0
gru,84,rftn_ce,feature_unavailable_value_zero_mask_zero_all_six_steps,3.2110915424146764,3.378894805908203,4.459399332297138,3.110697031021118,3.06000018119812,4.822587490081787,3.3194883069825263,3.5152742862701416,4.541948431991372,3.3841664791107178,3.1109120845794678,4.62230920791626,0.10839676456784986,0.13637948036193848,0.0825490996942344,0.2734694480895996,0.050911903381347656,-0.20027828216552734,5.0
gru,84,bis_slope,feature_unavailable_value_zero_mask_zero_all_six_steps,3.2110915424146764,3.378894805908203,4.459399332297138,3.110697031021118,3.06000018119812,4.822587490081787,3.5135134809914716,3.746560573577881,4.75897239276264,3.139603614807129,3.5197560787200928,5.161359786987305,0.3024219385767952,0.36766576766967773,0.29957306046550247,0.028906583786010742,0.45975589752197266,0.3387722969055176,3.0
attention,84,bis,feature_unavailable_value_zero_mask_zero_all_six_steps,3.164916797624058,3.362499475479126,4.448388885843746,3.170968532562256,3.0207648277282715,4.240592956542969,9.651545977309803,9.842549324035645,13.008356624630794,8.913530349731445,7.719022750854492,27.786909103393555,6.486629179685745,6.4800498485565186,8.559967738787048,5.7425618171691895,4.698257923126221,23.546316146850586,1.0
attention,84,bis_sqi,feature_unavailable_value_zero_mask_zero_all_six_steps,3.164916797624058,3.362499475479126,4.448388885843746,3.170968532562256,3.0207648277282715,4.240592956542969,3.164531470100733,3.3695690631866455,4.464591773908292,3.1164538860321045,3.0580291748046875,4.197562217712402,-0.0003853275233249853,0.007069587707519531,0.016202888064545284,-0.05451464653015137,0.037264347076416016,-0.043030738830566406,3.0
attention,84,hr,feature_unavailable_value_zero_mask_zero_all_six_steps,3.164916797624058,3.362499475479126,4.448388885843746,3.170968532562256,3.0207648277282715,4.240592956542969,3.1649799931285836,3.3625411987304688,4.448522950525738,3.1710362434387207,3.020902633666992,4.24006462097168,6.319550452538181e-05,4.172325134277344e-05,0.0001340646819913971,6.771087646484375e-05,0.00013780593872070312,-0.0005283355712890625,7.0
attention,84,mbp,feature_unavailable_value_zero_mask_zero_all_six_steps,3.164916797624058,3.362499475479126,4.448388885843746,3.170968532562256,3.0207648277282715,4.240592956542969,3.1649132260751216,3.3625428676605225,4.448591371431782,3.1712162494659424,3.020967721939087,4.237870693206787,-3.57154893659839e-06,4.3392181396484375e-05,0.00020248558803537264,0.00024771690368652344,0.0002028942108154297,-0.0027222633361816406,6.0
attention,84,sbp,feature_unavailable_value_zero_mask_zero_all_six_steps,3.164916797624058,3.362499475479126,4.448388885843746,3.170968532562256,3.0207648277282715,4.240592956542969,3.1641082786061223,3.362736940383911,4.454276493453076,3.1687095165252686,3.027333974838257,4.189903736114502,-0.0008085190179358825,0.00023746490478515625,0.005887607609329493,-0.0022590160369873047,0.0065691471099853516,-0.0506892204284668,5.0
attention,84,dbp,feature_unavailable_value_zero_mask_zero_all_six_steps,3.164916797624058,3.362499475479126,4.448388885843746,3.170968532562256,3.0207648277282715,4.240592956542969,3.1648910149454386,3.3624844551086426,4.448431376300041,3.1709723472595215,3.0208356380462646,4.2396931648254395,-2.578267861963468e-05,-1.5020370483398438e-05,4.249045629478587e-05,3.814697265625e-06,7.081031799316406e-05,-0.0008997917175292969,15.0
attention,84,spo2,feature_unavailable_value_zero_mask_zero_all_six_steps,3.164916797624058,3.362499475479126,4.448388885843746,3.170968532562256,3.0207648277282715,4.240592956542969,3.1649057450100266,3.362478733062744,4.4483886199637075,3.171103000640869,3.020794153213501,4.239613056182861,-1.1052614031559216e-05,-2.0742416381835938e-05,-2.658800388743998e-07,0.00013446807861328125,2.9325485229492188e-05,-0.0009799003601074219,16.0
attention,84,etco2,feature_unavailable_value_zero_mask_zero_all_six_steps,3.164916797624058,3.362499475479126,4.448388885843746,3.170968532562256,3.0207648277282715,4.240592956542969,3.165444158363096,3.3632519245147705,4.450310942819516,3.171393394470215,3.02152681350708,4.2397894859313965,0.0005273607390376966,0.0007524490356445312,0.001922056975769415,0.0004248619079589844,0.0007619857788085938,-0.0008034706115722656,4.0
attention,84,ppf_rate,feature_unavailable_value_zero_mask_zero_all_six_steps,3.164916797624058,3.362499475479126,4.448388885843746,3.170968532562256,3.0207648277282715,4.240592956542969,3.1649024619478507,3.3624985218048096,4.448419818713604,3.170830249786377,3.0208311080932617,4.2405242919921875,-1.433567620745535e-05,-9.5367431640625e-07,3.093286985755839e-05,-0.00013828277587890625,6.628036499023438e-05,-6.866455078125e-05,12.0
attention,84,ppf_volume,feature_unavailable_value_zero_mask_zero_all_six_steps,3.164916797624058,3.362499475479126,4.448388885843746,3.170968532562256,3.0207648277282715,4.240592956542969,3.1693905158590887,3.372546672821045,4.475230165059068,3.182457447052002,3.0340828895568848,4.145573616027832,0.0044737182350305105,0.010047197341918945,0.0268412792153212,0.011488914489746094,0.013318061828613281,-0.09501934051513672,2.0
attention,84,ppf_cp,feature_unavailable_value_zero_mask_zero_all_six_steps,3.164916797624058,3.362499475479126,4.448388885843746,3.170968532562256,3.0207648277282715,4.240592956542969,3.1649112998074886,3.3624863624572754,4.448382593786236,3.170954704284668,3.020786762237549,4.240416526794434,-5.4978165695551695e-06,-1.3113021850585938e-05,-6.292057510570714e-06,-1.3828277587890625e-05,2.193450927734375e-05,-0.00017642974853515625,14.0
attention,84,ppf_ce,feature_unavailable_value_zero_mask_zero_all_six_steps,3.164916797624058,3.362499475479126,4.448388885843746,3.170968532562256,3.0207648277282715,4.240592956542969,3.1649236287263545,3.362501859664917,4.4484376463976,3.1710188388824463,3.020796298980713,4.2402143478393555,6.831102296267488e-06,2.384185791015625e-06,4.87605538532776e-05,5.030632019042969e-05,3.147125244140625e-05,-0.00037860870361328125,10.0
attention,84,rftn_rate,feature_unavailable_value_zero_mask_zero_all_six_steps,3.164916797624058,3.362499475479126,4.448388885843746,3.170968532562256,3.0207648277282715,4.240592956542969,3.164930663347832,3.362513303756714,4.448438839793405,3.170959711074829,3.0208191871643066,4.240399360656738,1.3865723773598404e-05,1.3828277587890625e-05,4.995394965856548e-05,-8.821487426757812e-06,5.435943603515625e-05,-0.00019359588623046875,8.0
attention,84,rftn_volume,feature_unavailable_value_zero_mask_zero_all_six_steps,3.164916797624058,3.362499475479126,4.448388885843746,3.170968532562256,3.0207648277282715,4.240592956542969,3.164884019729215,3.3625075817108154,4.448488199880049,3.1705048084259033,3.02103328704834,4.240208148956299,-3.27778948432389e-05,8.106231689453125e-06,9.931403630236701e-05,-0.00046372413635253906,0.0002684593200683594,-0.0003848075866699219,9.0
attention,84,rftn_cp,feature_unavailable_value_zero_mask_zero_all_six_steps,3.164916797624058,3.362499475479126,4.448388885843746,3.170968532562256,3.0207648277282715,4.240592956542969,3.1649073898435436,3.362488031387329,4.448390979389713,3.170872211456299,3.0208168029785156,4.240504741668701,-9.407780514614217e-06,-1.1444091796875e-05,2.093545966808108e-06,-9.632110595703125e-05,5.1975250244140625e-05,-8.821487426757812e-05,13.0
attention,84,rftn_ce,feature_unavailable_value_zero_mask_zero_all_six_steps,3.164916797624058,3.362499475479126,4.448388885843746,3.170968532562256,3.0207648277282715,4.240592956542969,3.164904755512752,3.3624775409698486,4.448442122163009,3.1707799434661865,3.0209076404571533,4.240194320678711,-1.2042111306342917e-05,-2.193450927734375e-05,5.323631926223982e-05,-0.00018858909606933594,0.00014281272888183594,-0.0003986358642578125,17.0
attention,84,bis_slope,feature_unavailable_value_zero_mask_zero_all_six_steps,3.164916797624058,3.362499475479126,4.448388885843746,3.170968532562256,3.0207648277282715,4.240592956542969,3.1649170770431323,3.362501382827759,4.448416458231808,3.170837879180908,3.020869016647339,4.240390777587891,2.79419074100673e-07,1.9073486328125e-06,2.7572388061614106e-05,-0.00013065338134765625,0.00010418891906738281,-0.000202178955078125,11.0
gru,123,bis,feature_unavailable_value_zero_mask_zero_all_six_steps,3.1759923615216623,3.3705224990844727,4.428722701981692,3.075702428817749,3.0070488452911377,4.923625469207764,7.3059724175687935,8.514394760131836,9.920358468116445,9.146317481994629,4.221299648284912,22.565710067749023,4.129980056047131,5.143872261047363,5.4916357661347535,6.07061505317688,1.2142508029937744,17.64208459854126,1.0
gru,123,bis_sqi,feature_unavailable_value_zero_mask_zero_all_six_steps,3.1759923615216623,3.3705224990844727,4.428722701981692,3.075702428817749,3.0070488452911377,4.923625469207764,3.2095886284874866,3.3876280784606934,4.467622866711295,2.997241497039795,3.133821725845337,4.752349853515625,0.033596266965824295,0.017105579376220703,0.038900164729603226,-0.0784609317779541,0.12677288055419922,-0.17127561569213867,11.0
gru,123,hr,feature_unavailable_value_zero_mask_zero_all_six_steps,3.1759923615216623,3.3705224990844727,4.428722701981692,3.075702428817749,3.0070488452911377,4.923625469207764,3.2318940306510258,3.4180901050567627,4.490844026333971,3.011345386505127,3.137387275695801,4.955255508422852,0.05590166912936345,0.04756760597229004,0.062121324352278684,-0.06435704231262207,0.13033843040466309,0.03163003921508789,9.0
gru,123,mbp,feature_unavailable_value_zero_mask_zero_all_six_steps,3.1759923615216623,3.3705224990844727,4.428722701981692,3.075702428817749,3.0070488452911377,4.923625469207764,3.1947917848675025,3.382547616958618,4.4549637382104645,3.1452438831329346,3.0423595905303955,4.585965633392334,0.01879942334584017,0.012025117874145508,0.026241036228772607,0.06954145431518555,0.03531074523925781,-0.3376598358154297,14.0
gru,123,sbp,feature_unavailable_value_zero_mask_zero_all_six_steps,3.1759923615216623,3.3705224990844727,4.428722701981692,3.075702428817749,3.0070488452911377,4.923625469207764,3.1981322076597998,3.3767600059509277,4.457384360839663,3.06184720993042,3.0785629749298096,4.731163024902344,0.022139846138137464,0.006237506866455078,0.02866165885797134,-0.013855218887329102,0.07151412963867188,-0.19246244430541992,16.0
gru,123,dbp,feature_unavailable_value_zero_mask_zero_all_six_steps,3.1759923615216623,3.3705224990844727,4.428722701981692,3.075702428817749,3.0070488452911377,4.923625469207764,3.1772506156148506,3.3868014812469482,4.423130840701283,3.1123337745666504,3.006467819213867,4.7785491943359375,0.001258254093188249,0.016278982162475586,-0.005591861280408672,0.03663134574890137,-0.0005810260772705078,-0.14507627487182617,12.0
gru,123,spo2,feature_unavailable_value_zero_mask_zero_all_six_steps,3.1759923615216623,3.3705224990844727,4.428722701981692,3.075702428817749,3.0070488452911377,4.923625469207764,3.1916551814978775,3.3778486251831055,4.450197363417842,2.993356227874756,3.1118035316467285,4.701969146728516,0.015662819976215214,0.0073261260986328125,0.021474661436149844,-0.08234620094299316,0.10475468635559082,-0.22165632247924805,15.0
gru,123,etco2,feature_unavailable_value_zero_mask_zero_all_six_steps,3.1759923615216623,3.3705224990844727,4.428722701981692,3.075702428817749,3.0070488452911377,4.923625469207764,3.179883490091255,3.3652563095092773,4.4342789482927785,2.9795727729797363,3.0809874534606934,4.845059871673584,0.0038911285695926168,-0.0052661895751953125,0.005556246311086532,-0.0961296558380127,0.07393860816955566,-0.07856559753417969,17.0
gru,123,ppf_rate,feature_unavailable_value_zero_mask_zero_all_six_steps,3.1759923615216623,3.3705224990844727,4.428722701981692,3.075702428817749,3.0070488452911377,4.923625469207764,3.2016849925308417,3.385312080383301,4.465430846105431,3.1178181171417236,3.0622689723968506,4.648885726928711,0.0256926310091794,0.014789581298828125,0.036708144123738684,0.04211568832397461,0.05522012710571289,-0.27473974227905273,13.0
gru,123,ppf_volume,feature_unavailable_value_zero_mask_zero_all_six_steps,3.1759923615216623,3.3705224990844727,4.428722701981692,3.075702428817749,3.0070488452911377,4.923625469207764,3.235806748821976,3.412153482437134,4.493770644448729,2.9844634532928467,3.1461243629455566,5.0618977546691895,0.059814387300313854,0.04163098335266113,0.06504794246703671,-0.09123897552490234,0.13907551765441895,0.13827228546142578,10.0
gru,123,ppf_cp,feature_unavailable_value_zero_mask_zero_all_six_steps,3.1759923615216623,3.3705224990844727,4.428722701981692,3.075702428817749,3.0070488452911377,4.923625469207764,3.3294093236913143,3.518724203109741,4.5705979551009435,3.0052883625030518,3.319256067276001,4.876936435699463,0.15341696216965195,0.14820170402526855,0.14187525311925153,-0.07041406631469727,0.3122072219848633,-0.04668903350830078,4.0
gru,123,ppf_ce,feature_unavailable_value_zero_mask_zero_all_six_steps,3.1759923615216623,3.3705224990844727,4.428722701981692,3.075702428817749,3.0070488452911377,4.923625469207764,3.3098980226011845,3.500317096710205,4.570739247612501,3.446465253829956,3.1086323261260986,4.230770111083984,0.13390566107952218,0.12979459762573242,0.1420165456308089,0.37076282501220703,0.10158348083496094,-0.6928553581237793,5.0
gru,123,rftn_rate,feature_unavailable_value_zero_mask_zero_all_six_steps,3.1759923615216623,3.3705224990844727,4.428722701981692,3.075702428817749,3.0070488452911377,4.923625469207764,3.4272358220764585,3.6343307495117188,4.6152678689802595,3.8402998447418213,3.054337501525879,4.407656669616699,0.2512434605547962,0.2638082504272461,0.1865451669985676,0.7645974159240723,0.04728865623474121,-0.5159687995910645,2.0
gru,123,rftn_volume,feature_unavailable_value_zero_mask_zero_all_six_steps,3.1759923615216623,3.3705224990844727,4.428722701981692,3.075702428817749,3.0070488452911377,4.923625469207764,3.2370627906236003,3.421884775161743,4.48547928682773,2.98559308052063,3.1616861820220947,4.954252243041992,0.06107042910193794,0.05136227607727051,0.056756584846038294,-0.09010934829711914,0.15463733673095703,0.030626773834228516,7.0
gru,123,rftn_cp,feature_unavailable_value_zero_mask_zero_all_six_steps,3.1759923615216623,3.3705224990844727,4.428722701981692,3.075702428817749,3.0070488452911377,4.923625469207764,3.2253503375160313,3.4209983348846436,4.483746139905139,3.190119504928589,3.0636627674102783,4.622426986694336,0.049357975994368974,0.0504758358001709,0.055023437923447105,0.11441707611083984,0.056613922119140625,-0.30119848251342773,8.0
gru,123,rftn_ce,feature_unavailable_value_zero_mask_zero_all_six_steps,3.1759923615216623,3.3705224990844727,4.428722701981692,3.075702428817749,3.0070488452911377,4.923625469207764,3.2860812927050858,3.447282314300537,4.547839135851265,2.976569175720215,3.2603743076324463,4.886387825012207,0.11008893118342344,0.07675981521606445,0.11911643386957316,-0.09913325309753418,0.2533254623413086,-0.03723764419555664,6.0
gru,123,bis_slope,feature_unavailable_value_zero_mask_zero_all_six_steps,3.1759923615216623,3.3705224990844727,4.428722701981692,3.075702428817749,3.0070488452911377,4.923625469207764,3.3866413805823132,3.5741896629333496,4.622461996063528,3.0850744247436523,3.3502066135406494,5.033014297485352,0.21064901906065092,0.20366716384887695,0.1937392940818361,0.00937199592590332,0.3431577682495117,0.10938882827758789,3.0
attention,123,bis,feature_unavailable_value_zero_mask_zero_all_six_steps,3.159046001817184,3.379009962081909,4.4548352994422435,3.1085143089294434,3.01595139503479,4.483225345611572,8.510125914626396,9.15748405456543,11.345740752927641,9.584610939025879,6.020047664642334,22.69278907775879,5.351079912809212,5.7784740924835205,6.890905453485398,6.4760966300964355,3.004096269607544,18.209563732147217,1.0
attention,123,bis_sqi,feature_unavailable_value_zero_mask_zero_all_six_steps,3.159046001817184,3.379009962081909,4.4548352994422435,3.1085143089294434,3.01595139503479,4.483225345611572,3.1590916721708044,3.3790392875671387,4.455409568151881,3.1057517528533936,3.0177783966064453,4.482375144958496,4.5670353620241855e-05,2.9325485229492188e-05,0.0005742687096370602,-0.0027625560760498047,0.0018270015716552734,-0.0008502006530761719,10.0
attention,123,hr,feature_unavailable_value_zero_mask_zero_all_six_steps,3.159046001817184,3.379009962081909,4.4548352994422435,3.1085143089294434,3.01595139503479,4.483225345611572,3.1590819329159796,3.3790502548217773,4.454959603091674,3.1085495948791504,3.016026735305786,4.482962131500244,3.593109879540535e-05,4.029273986816406e-05,0.00012430364943050165,3.528594970703125e-05,7.534027099609375e-05,-0.000263214111328125,9.0
attention,123,mbp,feature_unavailable_value_zero_mask_zero_all_six_steps,3.159046001817184,3.379009962081909,4.4548352994422435,3.1085143089294434,3.01595139503479,4.483225345611572,3.1582489022627613,3.381549596786499,4.472078874875505,3.11694073677063,3.0211241245269775,4.394918441772461,-0.0007970995544228643,0.0025396347045898438,0.017243575433261604,0.008426427841186523,0.0051727294921875,-0.08830690383911133,3.0
attention,123,sbp,feature_unavailable_value_zero_mask_zero_all_six_steps,3.159046001817184,3.379009962081909,4.4548352994422435,3.1085143089294434,3.01595139503479,4.483225345611572,3.1590241808219055,3.3790712356567383,4.45496698441311,3.1085822582244873,3.0160200595855713,4.482105255126953,-2.182099527869852e-05,6.127357482910156e-05,0.00013168497086635256,6.794929504394531e-05,6.866455078125e-05,-0.0011200904846191406,6.0
attention,123,dbp,feature_unavailable_value_zero_mask_zero_all_six_steps,3.159046001817184,3.379009962081909,4.4548352994422435,3.1085143089294434,3.01595139503479,4.483225345611572,3.1590429756727865,3.379021167755127,4.454992876501003,3.108494997024536,3.0160534381866455,4.482494354248047,-3.026144397733077e-06,1.1205673217773438e-05,0.00015757705875962813,-1.9311904907226562e-05,0.00010204315185546875,-0.0007309913635253906,11.0
attention,123,spo2,feature_unavailable_value_zero_mask_zero_all_six_steps,3.159046001817184,3.379009962081909,4.4548352994422435,3.1085143089294434,3.01595139503479,4.483225345611572,3.1589744782584948,3.378876209259033,4.455000585550587,3.1081225872039795,3.0162975788116455,4.481409549713135,-7.152355868944582e-05,-0.00013375282287597656,0.00016528610834321,-0.0003917217254638672,0.00034618377685546875,-0.0018157958984375,17.0
attention,123,etco2,feature_unavailable_value_zero_mask_zero_all_six_steps,3.159046001817184,3.379009962081909,4.4548352994422435,3.1085143089294434,3.01595139503479,4.483225345611572,3.160280198219139,3.379970073699951,4.458131538717565,3.1008141040802,3.022218704223633,4.486462593078613,0.001234196401954879,0.0009601116180419922,0.003296239275321078,-0.007700204849243164,0.0062673091888427734,0.0032372474670410156,4.0
attention,123,ppf_rate,feature_unavailable_value_zero_mask_zero_all_six_steps,3.159046001817184,3.379009962081909,4.4548352994422435,3.1085143089294434,3.01595139503479,4.483225345611572,3.159063680670969,3.3790602684020996,4.455021284815047,3.1087188720703125,3.015934467315674,4.482662200927734,1.7678853784897086e-05,5.030632019042969e-05,0.0001859853728030103,0.00020456314086914062,-1.6927719116210938e-05,-0.0005631446838378906,8.0
attention,123,ppf_volume,feature_unavailable_value_zero_mask_zero_all_six_steps,3.159046001817184,3.379009962081909,4.4548352994422435,3.1085143089294434,3.01595139503479,4.483225345611572,3.1591260783310466,3.3792595863342285,4.455345254528251,3.109287738800049,3.0158727169036865,4.481377124786377,8.007651386243708e-05,0.00024962425231933594,0.0005099550860077073,0.0007734298706054688,-7.867813110351562e-05,-0.0018482208251953125,5.0
attention,123,ppf_cp,feature_unavailable_value_zero_mask_zero_all_six_steps,3.159046001817184,3.379009962081909,4.4548352994422435,3.1085143089294434,3.01595139503479,4.483225345611572,3.1590401650258726,3.3789944648742676,4.454849386895434,3.108588218688965,3.015935182571411,4.482936382293701,-5.836791311608636e-06,-1.5497207641601562e-05,1.4087453190647636e-05,7.390975952148438e-05,-1.621246337890625e-05,-0.00028896331787109375,14.0
attention,123,ppf_ce,feature_unavailable_value_zero_mask_zero_all_six_steps,3.159046001817184,3.379009962081909,4.4548352994422435,3.1085143089294434,3.01595139503479,4.483225345611572,3.159027719682393,3.3789680004119873,4.455041227409928,3.1085262298583984,3.016040325164795,4.482249736785889,-1.8282134791380855e-05,-4.1961669921875e-05,0.0002059279676842607,1.1920928955078125e-05,8.893013000488281e-05,-0.0009756088256835938,16.0
attention,123,rftn_rate,feature_unavailable_value_zero_mask_zero_all_six_steps,3.159046001817184,3.379009962081909,4.4548352994422435,3.1085143089294434,3.01595139503479,4.483225345611572,3.1590497075902673,3.3789968490600586,4.4549488976811045,3.1083269119262695,3.016080141067505,4.483139991760254,3.7057730830625246e-06,-1.3113021850585938e-05,0.00011359823886092357,-0.00018739700317382812,0.00012874603271484375,-8.535385131835938e-05,12.5
attention,123,rftn_volume,feature_unavailable_value_zero_mask_zero_all_six_steps,3.159046001817184,3.379009962081909,4.4548352994422435,3.1085143089294434,3.01595139503479,4.483225345611572,3.159104323048507,3.3790652751922607,4.455147279272761,3.1085855960845947,3.0161335468292236,4.482280731201172,5.832123132298861e-05,5.53131103515625e-05,0.0003119798305171173,7.128715515136719e-05,0.00018215179443359375,-0.0009446144104003906,7.0
attention,123,rftn_cp,feature_unavailable_value_zero_mask_zero_all_six_steps,3.159046001817184,3.379009962081909,4.4548352994422435,3.1085143089294434,3.01595139503479,4.483225345611572,3.1590416964573373,3.3789968490600586,4.454896384740669,3.108445644378662,3.016018867492676,4.482964038848877,-4.30535984685676e-06,-1.3113021850585938e-05,6.108529842574484e-05,-6.866455078125e-05,6.747245788574219e-05,-0.0002613067626953125,12.5
attention,123,rftn_ce,feature_unavailable_value_zero_mask_zero_all_six_steps,3.159046001817184,3.379009962081909,4.4548352994422435,3.1085143089294434,3.01595139503479,4.483225345611572,3.1590271418132976,3.3789703845977783,4.454865429149538,3.1085855960845947,3.015949010848999,4.482673645019531,-1.8860003886622678e-05,-3.9577484130859375e-05,3.0129707294435093e-05,7.128715515136719e-05,-2.384185791015625e-06,-0.0005517005920410156,15.0
attention,123,bis_slope,feature_unavailable_value_zero_mask_zero_all_six_steps,3.159046001817184,3.379009962081909,4.4548352994422435,3.1085143089294434,3.01595139503479,4.483225345611572,3.1722819573135634,3.3866052627563477,4.47452983835146,3.078037738800049,3.057030439376831,4.481624126434326,0.013235955496379237,0.0075953006744384766,0.01969453890921624,-0.03047657012939453,0.041079044342041016,-0.0016012191772460938,2.0
